"";"MP_links";"name";"family_name";"first_name";"party2";"party";"constituency";"house";"entity";"party.original";"period"
"1";"https://www.parlament.ba/Representative/List?page=1&mandateId=6";"Ekrem Ajanovic";"Ajanovic";"Ekrem";"Klub poslanika SBiH";"SBiH";"FBiH / Izborna jedinica 4";"HoR";"FBiH";"SBiH";"2006-2010"
"2";"https://www.parlament.ba/Representative/List?page=1&mandateId=6";"Azra Alajbegovic";"Alajbegovic";"Azra";"Klub poslanika SBiH";"SBiH";"FBiH / Izborna jedinica 3";"HoR";"FBiH";"SBiH";"2006-2010"
"3";"https://www.parlament.ba/Representative/List?page=1&mandateId=6";"Sadik Bahtic";"Bahtic";"Sadik";"Klub poslanika SBiH";"SBiH";"FBiH / Izborna jedinica 1";"HoR";"FBiH";"SBiH";"2006-2010"
"4";"https://www.parlament.ba/Representative/List?page=1&mandateId=6";"Denis Becirovic";"Becirovic";"Denis";"Klub poslanika SDP BiH";"SDP BiH";"FBiH / Izborna jedinica 5";"HoR";"FBiH";"SDP BiH";"2006-2010"
"5";"https://www.parlament.ba/Representative/List?page=1&mandateId=6";"Beriz Belkic";"Belkic";"Beriz";"Klub poslanika SBiH";"SBiH";"FBiH / Izborna jedinica 3";"HoR";"FBiH";"SBiH";"2006-2010"
"6";"https://www.parlament.ba/Representative/List?page=1&mandateId=6";"Selim Beslagic";"Beslagic";"Selim";"Klub poslanika SDP BiH";"SDP BiH";"FBiH / Izborna jedinica 5";"HoR";"FBiH";"SDP BiH";"2006-2010"
"7";"https://www.parlament.ba/Representative/List?page=1&mandateId=6";"Branko Dokic";"Dokic";"Branko";"";"PDP";"RS / Izborna jedinica 1";"HoR";"RS";"PDP";"2006-2010"
"8";"https://www.parlament.ba/Representative/List?page=1&mandateId=6";"Rifat Dolic";"Dolic";"Rifat";"";"DNZ BiH";"FBiH / Izborna jedinica 1";"HoR";"FBiH";"DNZ BiH";"2006-2010"
"9";"https://www.parlament.ba/Representative/List?page=1&mandateId=6";"Sefik Dzaferovic";"Dzaferovic";"Sefik";"Klub poslanika SDA";"SDA";"FBiH / Izborna jedinica 4";"HoR";"FBiH";"SDA";"2006-2010"
"10";"https://www.parlament.ba/Representative/List?page=1&mandateId=6";"Halid Genjac";"Genjac";"Halid";"Klub poslanika SDA";"SDA";"FBiH / Izborna jedinica 4";"HoR";"FBiH";"SDA";"2006-2010"
"11";"https://www.parlament.ba/Representative/List?page=1&mandateId=7";"Darko Babalj";"Babalj";"Darko";"Klub poslanika SDS";"SDS";"RS / Izborna jedinica 3";"HoR";"RS";"SDS";"2010-2014"
"12";"https://www.parlament.ba/Representative/List?page=1&mandateId=7";"Adnan Basic";"Basic";"Adnan";"Klub poslanika SBBBiH";"SBB";"FBiH / Izborna jedinica 4";"HoR";"FBiH";"SBB - Fahrudin Radoncic";"2010-2014"
"13";"https://www.parlament.ba/Representative/List?page=1&mandateId=7";"Denis Becirovic";"Becirovic";"Denis";"Klub poslanika SDP BiH";"SDP BiH";"FBiH / Izborna jedinica 5";"HoR";"FBiH";"SDP BiH";"2010-2014"
"14";"https://www.parlament.ba/Representative/List?page=1&mandateId=7";"Beriz Belkic";"Belkic";"Beriz";"";"SBiH";"FBiH / Izborna jedinica 3";"HoR";"FBiH";"SBiH";"2010-2014"
"15";"https://www.parlament.ba/Representative/List?page=1&mandateId=7";"Borislav Bojic";"Bojic";"Borislav";"Klub poslanika SDS";"SDS";"RS / Izborna jedinica 1";"HoR";"RS";"SDS";"2010-2014"
"16";"https://www.parlament.ba/Representative/List?page=1&mandateId=7";"Mladen Bosic";"Bosic";"Mladen";"Klub poslanika SDS";"SDS";"RS / Izborna jedinica 2";"HoR";"RS";"SDS";"2010-2014"
"17";"https://www.parlament.ba/Representative/List?page=1&mandateId=7";"Sasa Bursac";"Bursac";"Sasa";"Klub poslanika SNSD";"SNSD";"RS / Izborna jedinica 1";"HoR";"RS";"SNSD";"2010-2014"
"18";"https://www.parlament.ba/Representative/List?page=1&mandateId=7";"Nermina Cemalovic";"Cemalovic";"Nermina";"Klub poslanika SDP BiH";"SDP BiH";"FBiH / Izborna jedinica 1";"HoR";"FBiH";"SDP BiH";"2010-2014"
"19";"https://www.parlament.ba/Representative/List?page=1&mandateId=7";"Ismeta Dervoz";"Dervoz";"Ismeta";"Klub poslanika SBBBiH";"SBB";"FBiH / Izborna jedinica 3";"HoR";"FBiH";"SBB - Fahrudin Radoncic";"2010-2014"
"20";"https://www.parlament.ba/Representative/List?page=1&mandateId=7";"Anto Domazet";"Domazet";"Anto";"Klub poslanika SDP BiH";"SDP BiH";"FBiH / Izborna jedinica 3";"HoR";"FBiH";"SDP BiH";"2010-2014"
"21";"https://www.parlament.ba/Representative/List?page=1&mandateId=8";"Sadik Ahmetovic";"Ahmetovic";"Sadik";"Klub poslanika Nezavisni blok";"independent";"RS / Izborna jedinica 3";"HoR";"RS";"Samostalni poslanik";"2014-2018"
"22";"https://www.parlament.ba/Representative/List?page=1&mandateId=8";"Damir Arnaut";"Arnaut";"Damir";"Klub poslanika SBBBiH";"SBB";"FBiH / Izborna jedinica 3";"HoR";"FBiH";"SBB - Fahrudin Radoncic";"2014-2018"
"23";"https://www.parlament.ba/Representative/List?page=1&mandateId=8";"Zaim Backovic";"Backovic";"Zaim";"";"BPS";"FBiH / Izborna jedinica 3";"HoR";"FBiH";"BPS - Sefer Halilovic";"2014-2018"
"24";"https://www.parlament.ba/Representative/List?page=1&mandateId=8";"Damir Becirovic";"Becirovic";"Damir";"Klub poslanika DF";"DF";"FBiH / Izborna jedinica 5";"HoR";"FBiH";"Demokratska fronta - Zeljko Komsic";"2014-2018"
"25";"https://www.parlament.ba/Representative/List?page=1&mandateId=8";"Denis Becirovic";"Becirovic";"Denis";"Klub poslanika SDP BiH";"SDP BiH";"FBiH / Izborna jedinica 5";"HoR";"FBiH";"SDP BiH";"2014-2018"
"26";"https://www.parlament.ba/Representative/List?page=1&mandateId=8";"Mensura Beganovic";"Beganovic";"Mensura";"Klub poslanika DF";"DF";"FBiH / Izborna jedinica 4";"HoR";"FBiH";"Demokratska fronta - Zeljko Komsic";"2014-2018"
"27";"https://www.parlament.ba/Representative/List?page=1&mandateId=8";"Borislav Bojic";"Bojic";"Borislav";"Klub poslanika Demokratski narodni savez - DNS";"independent";"RS / Izborna jedinica 1";"HoR";"RS";"Samostalni poslanik";"2014-2018"
"28";"https://www.parlament.ba/Representative/List?page=1&mandateId=8";"Mladen Bosic";"Bosic";"Mladen";"Klub poslanika SDS";"SDS";"RS / Izborna jedinica 2";"HoR";"RS";"SDS";"2014-2018"
"29";"https://www.parlament.ba/Representative/List?page=1&mandateId=8";"Safer Demirovic";"Demirovic";"Safer";"";"independent";"FBiH / Izborna jedinica 5";"HoR";"FBiH";"Samostalni poslanik";"2014-2018"
"30";"https://www.parlament.ba/Representative/List?page=1&mandateId=8";"Sefik Dzaferovic";"Dzaferovic";"Sefik";"Klub poslanika SDA";"SDA";"FBiH / Izborna jedinica 4";"HoR";"FBiH";"SDA";"2014-2018"
"31";"https://www.parlament.ba/Representative/List?page=2&mandateId=6";"Azra Hadziahmetovic";"Hadziahmetovic";"Azra";"Klub poslanika SBiH";"SBiH";"FBiH / Izborna jedinica 3";"HoR";"FBiH";"SBiH";"2006-2010"
"32";"https://www.parlament.ba/Representative/List?page=2&mandateId=6";"Sefer Halilovic";"Halilovic";"Sefer";"";"BPS";"FBiH / Izborna jedinica 3";"HoR";"FBiH";"BPS - Sefer Halilovic";"2006-2010"
"33";"https://www.parlament.ba/Representative/List?page=2&mandateId=6";"Adem Huskic";"Huskic";"Adem";"Klub poslanika SBiH";"SBiH";"FBiH / Izborna jedinica 4";"HoR";"FBiH";"SBiH";"2006-2010"
"34";"https://www.parlament.ba/Representative/List?page=2&mandateId=6";"Jerko Ivankovic Lijanovic";"Ivankovic Lijanovic";"Jerko";"";"NS Radom za boljitak";"FBiH / Izborna jedinica 2";"HoR";"FBiH";"NS Radom za boljitak";"2006-2010"
"35";"https://www.parlament.ba/Representative/List?page=2&mandateId=6";"Bakir Izetbegovic";"Izetbegovic";"Bakir";"Klub poslanika SDA";"SDA";"FBiH / Izborna jedinica 3";"HoR";"FBiH";"SDA";"2006-2010"
"36";"https://www.parlament.ba/Representative/List?page=2&mandateId=6";"Sead Jamakosmanovic";"Jamakosmanovic";"Sead";"Klub poslanika SDA";"SDA";"FBiH / Izborna jedinica 5";"HoR";"FBiH";"SDA";"2006-2010"
"37";"https://www.parlament.ba/Representative/List?page=2&mandateId=6";"Bajazit Jasarevic";"Jasarevic";"Bajazit";"Klub poslanika SDA";"SDA";"FBiH / Izborna jedinica 5";"HoR";"FBiH";"SDA";"2006-2010"
"38";"https://www.parlament.ba/Representative/List?page=2&mandateId=6";"Slavko Jovicic";"Jovicic";"Slavko";"Klub poslanika SNSD";"SNSD";"RS / Izborna jedinica 3";"HoR";"RS";"SNSD";"2006-2010"
"39";"https://www.parlament.ba/Representative/List?page=2&mandateId=6";"Velimir Jukic";"Jukic";"Velimir";"Klub poslanika HDZ - Hrvatska koalicija - HNZ";"HDZ BiH - Hrvatska koalicija - HNZ";"FBiH / Izborna jedinica 2";"HoR";"FBiH";"HDZ BiH - Hrvatska koalicija - HNZ";"2006-2010"
"40";"https://www.parlament.ba/Representative/List?page=2&mandateId=6";"Remzija Kadric";"Kadric";"Remzija";"Klub poslanika SBiH";"SBiH";"RS / Izborna jedinica 3";"HoR";"RS";"SBiH";"2006-2010"
"41";"https://www.parlament.ba/Representative/List?page=2&mandateId=7";"Sefik Dzaferovic";"Dzaferovic";"Sefik";"Klub poslanika SDA";"SDA";"FBiH / Izborna jedinica 4";"HoR";"FBiH";"SDA";"2010-2014"
"42";"https://www.parlament.ba/Representative/List?page=2&mandateId=7";"Mirsad Dugum";"Dugum";"Mirsad";"Klub poslanika SBBBiH";"SBB";"FBiH / Izborna jedinica 3";"HoR";"FBiH";"SBB - Fahrudin Radoncic";"2010-2014"
"43";"https://www.parlament.ba/Representative/List?page=2&mandateId=7";"Amir Fazlic";"Fazlic";"Amir";"Klub poslanika SDA";"SDA";"FBiH / Izborna jedinica 5";"HoR";"FBiH";"SDA";"2010-2014"
"44";"https://www.parlament.ba/Representative/List?page=2&mandateId=7";"Mato Franjicevic";"Franjicevic";"Mato";"Klub poslanika HDZ BiH - Hrvatski narodni sabor";"HDZ BiH";"FBiH / Izborna jedinica 1";"HoR";"FBiH";"HDZ BiH";"2010-2014"
"45";"https://www.parlament.ba/Representative/List?page=2&mandateId=7";"Azra Hadziahmetovic";"Hadziahmetovic";"Azra";"";"SBiH";"FBiH / Izborna jedinica 3";"HoR";"FBiH";"SBiH";"2010-2014"
"46";"https://www.parlament.ba/Representative/List?page=2&mandateId=7";"Mladen Ivankovic-Lijanovic";"Ivankovic Lijanovic";"Mladen";"Klub poslanika SDP BiH";"NS Radom za boljitak";"FBiH / Izborna jedinica 2";"HoR";"FBiH";"NS Radom za boljitak";"2010-2014"
"47";"https://www.parlament.ba/Representative/List?page=2&mandateId=7";"Zijad Jagodic";"Jagodic";"Zijad";"Klub poslanika SDA";"SDA";"FBiH / Izborna jedinica 5";"HoR";"FBiH";"SDA";"2010-2014"
"48";"https://www.parlament.ba/Representative/List?page=2&mandateId=7";"Slavko Jovicic";"Jovicic";"Slavko";"Klub poslanika SNSD";"SNSD";"RS / Izborna jedinica 3";"HoR";"RS";"SNSD";"2010-2014"
"49";"https://www.parlament.ba/Representative/List?page=2&mandateId=7";"Zvonko Jurisic";"Jurisic";"Zvonko";"Mjesoviti klub poslanika narodnih stranaka";"HDZ 1990 – HSPBiH";"FBiH / Izborna jedinica 2";"HoR";"FBiH";"HDZ 1990 – HSPBiH";"2010-2014"
"50";"https://www.parlament.ba/Representative/List?page=2&mandateId=7";"Emir Kabil";"Kabil";"Emir";"Klub poslanika SBBBiH";"SBB";"FBiH / Izborna jedinica 5";"HoR";"FBiH";"SBB - Fahrudin Radoncic";"2010-2014"
"51";"https://www.parlament.ba/Representative/List?page=2&mandateId=8";"Mirsad Donlagic";"Donlagic";"Mirsad";"Klub poslanika SBBBiH";"SBB";"FBiH / Izborna jedinica 5";"HoR";"FBiH";"SBB - Fahrudin Radoncic";"2014-2018"
"52";"https://www.parlament.ba/Representative/List?page=2&mandateId=8";"Jasmin Emric";"Emric";"Jasmin";"";"A-SDA";"FBiH / Izborna jedinica 1";"HoR";"FBiH";"A – SDA – Za evropsku Bosnu i Hercegovinu – Zajedno";"2014-2018"
"53";"https://www.parlament.ba/Representative/List?page=2&mandateId=8";"Amir Fazlic";"Fazlic";"Amir";"Klub poslanika SDA";"SDA";"FBiH / Izborna jedinica 5";"HoR";"FBiH";"SDA";"2014-2018"
"54";"https://www.parlament.ba/Representative/List?page=2&mandateId=8";"Maja Gasal-Vrazalica";"Gasal-Vrazalica";"Maja";"Klub poslanika DF";"DF";"FBiH / Izborna jedinica 3";"HoR";"FBiH";"Demokratska fronta - Zeljko Komsic";"2014-2018"
"55";"https://www.parlament.ba/Representative/List?page=2&mandateId=8";"Mirsad Isakovic";"Isakovic";"Mirsad";"Klub poslanika SBBBiH";"SBB";"FBiH / Izborna jedinica 4";"HoR";"FBiH";"SBB - Fahrudin Radoncic";"2014-2018"
"56";"https://www.parlament.ba/Representative/List?page=2&mandateId=8";"Nermina Kapetanovic";"Kapetanovic";"Nermina";"Klub poslanika SDA";"SDA";"FBiH / Izborna jedinica 4";"HoR";"FBiH";"SDA";"2014-2018"
"57";"https://www.parlament.ba/Representative/List?page=2&mandateId=8";"Zeljko Komsic";"Komsic";"Zeljko";"Klub poslanika DF";"DF";"FBiH / Izborna jedinica 3";"HoR";"FBiH";"Demokratska fronta - Zeljko Komsic";"2014-2018"
"58";"https://www.parlament.ba/Representative/List?page=2&mandateId=8";"Stasa Kosarac";"Kosarac";"Stasa";"Klub poslanika SNSD";"SNSD";"RS / Izborna jedinica 3";"HoR";"RS";"SNSD";"2014-2018"
"59";"https://www.parlament.ba/Representative/List?page=2&mandateId=8";"Predrag Kozul";"Kozul";"Predrag";"Klub poslanika HDZ BiH - Hrvatski narodni sabor";"HDZ Coalition";"FBiH / Izborna jedinica 2";"HoR";"FBiH";"Koalicija HDZ BiH, HSS, HKDU BiH, HSP DR. Ante Starcevic, HSP Herceg-Bosne";"2014-2018"
"60";"https://www.parlament.ba/Representative/List?page=2&mandateId=8";"Dordo Krcmar";"Krcmar";"Dordo";"Klub poslanika Demokratski narodni savez - DNS";"DNS";"RS / Izborna jedinica 1";"HoR";"RS";"DNS";"2014-2018"
"61";"https://www.parlament.ba/Representative/List?page=3&mandateId=6";"Drago Kalabic";"Kalabic";"Drago";"Klub poslanika SNSD";"SNSD";"RS / Izborna jedinica 1";"HoR";"RS";"SNSD";"2006-2010"
"62";"https://www.parlament.ba/Representative/List?page=3&mandateId=6";"Lejla Klokic";"Klokic";"Lejla";"Klub poslanika SDA";"SDA";"RS / Izborna jedinica 1";"HoR";"RS";"SDA";"2006-2010"
"63";"https://www.parlament.ba/Representative/List?page=3&mandateId=6";"Zeljko Kuzmanovic";"Kuzmanovic";"Zeljko";"Klub poslanika SNSD";"SNSD";"RS / Izborna jedinica 2";"HoR";"RS";"SNSD";"2006-2010"
"64";"https://www.parlament.ba/Representative/List?page=3&mandateId=6";"Zlatko Lagumdzija";"Lagumdzija";"Zlatko";"Klub poslanika SDP BiH";"SDP BiH";"FBiH / Izborna jedinica 3";"HoR";"FBiH";"SDP BiH";"2006-2010"
"65";"https://www.parlament.ba/Representative/List?page=3&mandateId=6";"Niko Lozancic";"Lozancic";"Niko";"Klub poslanika HDZ - Hrvatska koalicija - HNZ";"HDZ BiH - Hrvatska koalicija - HNZ";"FBiH / Izborna jedinica 4";"HoR";"FBiH";"HDZ BiH - Hrvatska koalicija - HNZ";"2006-2010"
"66";"https://www.parlament.ba/Representative/List?page=3&mandateId=6";"Mirjana Malic";"Malic";"Mirjana";"Klub poslanika SDP BiH";"SDP BiH";"FBiH / Izborna jedinica 3";"HoR";"FBiH";"SDP BiH";"2006-2010"
"67";"https://www.parlament.ba/Representative/List?page=3&mandateId=6";"Milica Markovic";"Markovic";"Milica";"Klub poslanika SNSD";"SNSD";"RS / Izborna jedinica 2";"HoR";"RS";"SNSD";"2006-2010"
"68";"https://www.parlament.ba/Representative/List?page=3&mandateId=6";"Slavko Matic";"Matic";"Slavko";"Klub poslanika HDZ - Hrvatska koalicija - HNZ";"HDZ BiH - Hrvatska koalicija - HNZ";"FBiH / Izborna jedinica 5";"HoR";"FBiH";"HDZ BiH - Hrvatska koalicija - HNZ";"2006-2010"
"69";"https://www.parlament.ba/Representative/List?page=3&mandateId=6";"Semsudin Mehmedovic";"Mehmedovic";"Semsudin";"Klub poslanika SDA";"SDA";"FBiH / Izborna jedinica 4";"HoR";"FBiH";"SDA";"2006-2010"
"70";"https://www.parlament.ba/Representative/List?page=3&mandateId=6";"Ljiljana Milasin";"Milasin";"Ljiljana";"";"DNS";"RS / Izborna jedinica 1";"HoR";"RS";"DNS";"2006-2010"
"71";"https://www.parlament.ba/Representative/List?page=3&mandateId=7";"Drago Kalabic";"Kalabic";"Drago";"Klub poslanika SNSD";"SNSD";"RS / Izborna jedinica 1";"HoR";"RS";"SNSD";"2010-2014"
"72";"https://www.parlament.ba/Representative/List?page=3&mandateId=7";"Vesna Krstovic-Spremo";"Krstovic – Spremo";"Vesna";"Klub poslanika SDS";"PDP";"RS / Izborna jedinica 3";"HoR";"RS";"PDP";"2010-2014"
"73";"https://www.parlament.ba/Representative/List?page=3&mandateId=7";"Petar Kunic";"Kunic";"Petar";"Klub poslanika SNSD";"DNS";"RS / Izborna jedinica 1";"HoR";"RS";"DNS";"2010-2014"
"74";"https://www.parlament.ba/Representative/List?page=3&mandateId=7";"Mirza Kusljugic";"Kusljugic";"Mirza";"Klub poslanika SDP BiH";"SDP BiH";"FBiH / Izborna jedinica 5";"HoR";"FBiH";"SDP BiH";"2010-2014"
"75";"https://www.parlament.ba/Representative/List?page=3&mandateId=7";"Niko Lozancic";"Lozancic";"Niko";"Klub poslanika HDZ BiH - Hrvatski narodni sabor";"HDZ BiH";"FBiH / Izborna jedinica 4";"HoR";"FBiH";"HDZ BiH";"2010-2014"
"76";"https://www.parlament.ba/Representative/List?page=3&mandateId=7";"Bozo Ljubic";"Ljubic";"Bozo";"Mjesoviti klub poslanika narodnih stranaka";"HDZ 1990 – HSPBiH";"FBiH / Izborna jedinica 2";"HoR";"FBiH";"HDZ 1990 – HSPBiH";"2010-2014"
"77";"https://www.parlament.ba/Representative/List?page=3&mandateId=7";"Sasa Magazinovic";"Magazinovic";"Sasa";"Klub poslanika SDP BiH";"SDP BiH";"FBiH / Izborna jedinica 3";"HoR";"FBiH";"SDP BiH";"2010-2014"
"78";"https://www.parlament.ba/Representative/List?page=3&mandateId=7";"Dusanka Majkic";"Majkic";"Dusanka";"Klub poslanika SNSD";"SNSD";"RS / Izborna jedinica 1";"HoR";"RS";"SNSD";"2010-2014"
"79";"https://www.parlament.ba/Representative/List?page=3&mandateId=7";"Milica Markovic";"Markovic";"Milica";"Klub poslanika SNSD";"SNSD";"RS / Izborna jedinica 2";"HoR";"RS";"SNSD";"2010-2014"
"80";"https://www.parlament.ba/Representative/List?page=3&mandateId=7";"Danijela Martinovic";"Martinovic";"Danijela";"Klub poslanika SDP BiH";"SDP BiH";"FBiH / Izborna jedinica 3";"HoR";"FBiH";"SDP BiH";"2010-2014"
"81";"https://www.parlament.ba/Representative/List?page=3&mandateId=8";"Borjana Kristo";"Kristo";"Borjana";"Klub poslanika HDZ BiH - Hrvatski narodni sabor";"HDZ Coalition";"FBiH / Izborna jedinica 1";"HoR";"FBiH";"Koalicija HDZ BiH, HSS, HKDU BiH, HSP DR. Ante Starcevic, HSP Herceg-Bosne";"2014-2018"
"82";"https://www.parlament.ba/Representative/List?page=3&mandateId=8";"Nenad Lalic";"Lalic";"Nenad";"Klub poslanika SDS";"SDS";"RS / Izborna jedinica 2";"HoR";"RS";"SDS";"2014-2018"
"83";"https://www.parlament.ba/Representative/List?page=3&mandateId=8";"Nikola Lovrinovic";"Lovrinovic";"Nikola";"Klub poslanika HDZ BiH - Hrvatski narodni sabor";"HDZ Coalition";"FBiH / Izborna jedinica 4";"HoR";"FBiH";"Koalicija HDZ BiH, HSS, HKDU BiH, HSP DR. Ante Starcevic, HSP Herceg-Bosne";"2014-2018"
"84";"https://www.parlament.ba/Representative/List?page=3&mandateId=8";"Sasa Magazinovic";"Magazinovic";"Sasa";"Klub poslanika SDP BiH";"SDP BiH";"FBiH / Izborna jedinica 3";"HoR";"FBiH";"SDP BiH";"2014-2018"
"85";"https://www.parlament.ba/Representative/List?page=3&mandateId=8";"Dusanka Majkic";"Majkic";"Dusanka";"Klub poslanika SNSD";"SNSD";"RS / Izborna jedinica 1";"HoR";"RS";"SNSD";"2014-2018"
"86";"https://www.parlament.ba/Representative/List?page=3&mandateId=8";"Milica Markovic";"Markovic";"Milica";"Klub poslanika SNSD";"SNSD";"RS / Izborna jedinica 2";"HoR";"RS";"SNSD";"2014-2018"
"87";"https://www.parlament.ba/Representative/List?page=3&mandateId=8";"Semsudin Mehmedovic";"Mehmedovic";"Semsudin";"Klub poslanika SDA";"SDA";"FBiH / Izborna jedinica 4";"HoR";"FBiH";"SDA";"2014-2018"
"88";"https://www.parlament.ba/Representative/List?page=3&mandateId=8";"Mirsad Mesic";"Mesic";"Mirsad";"Klub poslanika SDP BiH";"SDP BiH";"FBiH / Izborna jedinica 4";"HoR";"FBiH";"SDP BiH";"2014-2018"
"89";"https://www.parlament.ba/Representative/List?page=3&mandateId=8";"Miroslav Milovanovic";"Milovanovic";"Miroslav";"Klub poslanika SNSD";"SNSD";"RS / Izborna jedinica 2";"HoR";"RS";"SNSD";"2014-2018"
"90";"https://www.parlament.ba/Representative/List?page=3&mandateId=8";"Momcilo Novakovic";"Novakovic";"Momcilo";"";"PDP-NDP";"RS / Izborna jedinica 1";"HoR";"RS";"PDP-NDP";"2014-2018"
"91";"https://www.parlament.ba/Representative/List?page=4&mandateId=6";"Ljiljana Milicevic";"Milicevic";"Ljiljana";"Klub poslanika SDS i samostalnog poslanika Momcila Novakovica";"SDS";"RS / Izborna jedinica 3";"HoR";"RS";"SDS";"2006-2010"
"92";"https://www.parlament.ba/Representative/List?page=4&mandateId=6";"Husein Nanic";"Nanic";"Husein";"Klub poslanika SDA";"SDA";"FBiH / Izborna jedinica 1";"HoR";"FBiH";"SDA";"2006-2010"
"93";"https://www.parlament.ba/Representative/List?page=4&mandateId=6";"Momcilo Novakovic";"Novakovic";"Momcilo";"Klub poslanika SDS i samostalnog poslanika Momcila Novakovica";"independent";"RS / Izborna jedinica 1";"HoR";"RS";"Samostalni poslanik";"2006-2010"
"94";"https://www.parlament.ba/Representative/List?page=4&mandateId=6";"Mirko Okolic";"Okolic";"Mirko";"Klub poslanika SDS i samostalnog poslanika Momcila Novakovica";"SDS";"RS / Izborna jedinica 2";"HoR";"RS";"SDS";"2006-2010"
"95";"https://www.parlament.ba/Representative/List?page=4&mandateId=6";"Lazar Prodanovic";"Prodanovic";"Lazar";"Klub poslanika SNSD";"SNSD";"RS / Izborna jedinica 3";"HoR";"RS";"SNSD";"2006-2010"
"96";"https://www.parlament.ba/Representative/List?page=4&mandateId=6";"Martin Raguz";"Raguz";"Martin";"Mjesoviti klub poslanika narodnih stranaka";"HDZ 1990";"FBiH / Izborna jedinica 2";"HoR";"FBiH";"HDZ 1990";"2006-2010"
"97";"https://www.parlament.ba/Representative/List?page=4&mandateId=6";"Salko Sokolovic";"Sokolovic";"Salko";"Klub poslanika SDA";"SDA";"FBiH / Izborna jedinica 2";"HoR";"FBiH";"SDA";"2006-2010"
"98";"https://www.parlament.ba/Representative/List?page=4&mandateId=6";"Mehmed Suljkanovic";"Suljkanovic";"Mehmed";"Klub poslanika SBiH";"SBiH";"FBiH / Izborna jedinica 5";"HoR";"FBiH";"SBiH";"2006-2010"
"99";"https://www.parlament.ba/Representative/List?page=4&mandateId=6";"Vesna Sain";"Sain";"Vesna";"Klub poslanika SNSD";"SNSD";"RS / Izborna jedinica 2";"HoR";"RS";"SNSD";"2006-2010"
"100";"https://www.parlament.ba/Representative/List?page=4&mandateId=6";"Jovan Todorovic";"Todorovic";"Jovan";"Klub poslanika SNSD";"SNSD";"RS / Izborna jedinica 2";"HoR";"RS";"SNSD";"2006-2010"
"101";"https://www.parlament.ba/Representative/List?page=4&mandateId=7";"Semsudin Mehmedovic";"Mehmedovic";"Semsudin";"Klub poslanika SDA";"SDA";"FBiH / Izborna jedinica 4";"HoR";"FBiH";"SDA";"2010-2014"
"102";"https://www.parlament.ba/Representative/List?page=4&mandateId=7";"Mirsad Mesic";"Mesic";"Mirsad";"Klub poslanika SDP BiH";"SDP BiH";"FBiH / Izborna jedinica 4";"HoR";"FBiH";"SDP BiH";"2010-2014"
"103";"https://www.parlament.ba/Representative/List?page=4&mandateId=7";"Aleksandra Pandurevic";"Pandurevic";"Aleksandra";"Klub poslanika SDS";"SDS";"RS / Izborna jedinica 3";"HoR";"RS";"SDS";"2010-2014"
"104";"https://www.parlament.ba/Representative/List?page=4&mandateId=7";"Lazar Prodanovic";"Prodanovic";"Lazar";"Klub poslanika SNSD";"SNSD";"RS / Izborna jedinica 3";"HoR";"RS";"SNSD";"2010-2014"
"105";"https://www.parlament.ba/Representative/List?page=4&mandateId=7";"Nermin Puric";"Puric";"Nermin";"Mjesoviti klub poslanika narodnih stranaka";"DNZ BiH";"FBiH / Izborna jedinica 1";"HoR";"FBiH";"DNZ BiH";"2010-2014"
"106";"https://www.parlament.ba/Representative/List?page=4&mandateId=7";"Asim Sarajlic";"Sarajlic";"Asim";"Klub poslanika SDA";"SDA";"FBiH / Izborna jedinica 3";"HoR";"FBiH";"SDA";"2010-2014"
"107";"https://www.parlament.ba/Representative/List?page=4&mandateId=7";"Salko Sokolovic";"Sokolovic";"Salko";"Klub poslanika SDA";"SDA";"FBiH / Izborna jedinica 2";"HoR";"FBiH";"SDA";"2010-2014"
"108";"https://www.parlament.ba/Representative/List?page=4&mandateId=7";"Senad Sepic";"Sepic";"Senad";"Klub poslanika SDA";"SDA";"FBiH / Izborna jedinica 1";"HoR";"FBiH";"SDA";"2010-2014"
"109";"https://www.parlament.ba/Representative/List?page=4&mandateId=7";"Bosko Tomic";"Tomic";"Bosko";"Klub poslanika SNSD";"SNSD";"RS / Izborna jedinica 3";"HoR";"RS";"SNSD";"2010-2014"
"110";"https://www.parlament.ba/Representative/List?page=4&mandateId=7";"Dragan Vrankic";"Vrankic";"Dragan";"Klub poslanika HDZ BiH - Hrvatski narodni sabor";"HDZ BiH";"FBiH / Izborna jedinica 2";"HoR";"FBiH";"HDZ BiH";"2010-2014"
"111";"https://www.parlament.ba/Representative/List?page=4&mandateId=8";"Aleksandra Pandurevic";"Pandurevic";"Aleksandra";"Klub poslanika SDS";"SDS";"RS / Izborna jedinica 3";"HoR";"RS";"SDS";"2014-2018"
"112";"https://www.parlament.ba/Representative/List?page=4&mandateId=8";"Lazar Prodanovic";"Prodanovic";"Lazar";"Klub poslanika SNSD";"SNSD";"RS / Izborna jedinica 3";"HoR";"RS";"SNSD";"2014-2018"
"113";"https://www.parlament.ba/Representative/List?page=4&mandateId=8";"Hazim Rancic";"Rancic";"Hazim";"Klub poslanika SDA";"SDA";"FBiH / Izborna jedinica 4";"HoR";"FBiH";"SDA";"2014-2018"
"114";"https://www.parlament.ba/Representative/List?page=4&mandateId=8";"Asim Sarajlic";"Sarajlic";"Asim";"Klub poslanika SDA";"SDA";"FBiH / Izborna jedinica 3";"HoR";"FBiH";"SDA";"2014-2018"
"115";"https://www.parlament.ba/Representative/List?page=4&mandateId=8";"Salko Sokolovic";"Sokolovic";"Salko";"Klub poslanika Nezavisni blok";"independent";"FBiH / Izborna jedinica 2";"HoR";"FBiH";"Samostalni poslanik";"2014-2018"
"116";"https://www.parlament.ba/Representative/List?page=4&mandateId=8";"Senad Sepic";"Sepic";"Senad";"Klub poslanika Nezavisni blok";"independent";"FBiH / Izborna jedinica 1";"HoR";"FBiH";"Samostalni poslanik";"2014-2018"
"117";"https://www.parlament.ba/Representative/List?page=4&mandateId=8";"Fehim Skaljic";"Skaljic";"Fehim";"Klub poslanika SBBBiH";"SBB";"FBiH / Izborna jedinica 3";"HoR";"FBiH";"SBB - Fahrudin Radoncic";"2014-2018"
"118";"https://www.parlament.ba/Representative/List?page=4&mandateId=8";"Nikola Spiric";"Spiric";"Nikola";"Klub poslanika SNSD";"SNSD";"RS / Izborna jedinica 1";"HoR";"RS";"SNSD";"2014-2018"
"119";"https://www.parlament.ba/Representative/List?page=4&mandateId=8";"Monika Tomic";"Tomic";"Monika";"Klub poslanika HDZ BiH - Hrvatski narodni sabor";"HDZ Coalition";"FBiH / Izborna jedinica 2";"HoR";"FBiH";"Koalicija HDZ BiH, HSS, HKDU BiH, HSP DR. Ante Starcevic, HSP Herceg-Bosne";"2014-2018"
"120";"https://www.parlament.ba/Representative/List?page=4&mandateId=8";"Hanka Vajzovic";"Vajzovic";"Hanka";"Klub poslanika DF";"DF";"FBiH / Izborna jedinica 3";"HoR";"FBiH";"Demokratska fronta - Zeljko Komsic";"2014-2018"
"121";"https://www.parlament.ba/Representative/List?page=5&mandateId=6";"Nermina Zaimovic-Uzunovic";"Zaimovic - Uzunovic";"Nermina";"Klub poslanika SDP BiH";"SDP BiH";"FBiH / Izborna jedinica 4";"HoR";"FBiH";"SDP BiH";"2006-2010"
"122";"https://www.parlament.ba/Representative/List?page=5&mandateId=6";"Vinko Zoric";"Zoric";"Vinko";"Mjesoviti klub poslanika narodnih stranaka";"HDZ 1990";"FBiH / Izborna jedinica 2";"HoR";"FBiH";"HDZ 1990";"2006-2010"
"123";"https://www.parlament.ba/Representative/List?page=5&mandateId=6";"Milorad Zivkovic";"Zivkovic";"Milorad";"Klub poslanika SNSD";"SNSD";"RS / Izborna jedinica 2";"HoR";"RS";"SNSD";"2006-2010"
"124";"https://www.parlament.ba/Representative/List?page=5&mandateId=7";"Nermina Zaimovic-Uzunovic";"Zaimovic - Uzunovic";"Nermina";"Klub poslanika SDP BiH";"SDP BiH";"FBiH / Izborna jedinica 4";"HoR";"FBiH";"SDP BiH";"2010-2014"
"125";"https://www.parlament.ba/Representative/List?page=5&mandateId=7";"Milorad Zivkovic";"Zivkovic";"Milorad";"Klub poslanika SNSD";"SNSD";"RS / Izborna jedinica 2";"HoR";"RS";"SNSD";"2010-2014"
"126";"https://www.parlament.ba/Representative/List?page=5&mandateId=8";"Jovan Vukovljak";"Vukovljak";"Jovan";"Klub poslanika Demokratski narodni savez - DNS";"DNS";"RS / Izborna jedinica 2";"HoR";"RS";"DNS";"2014-2018"
"127";"https://www.parlament.ba/Representative/List?page=5&mandateId=8";"Diana Zelenika";"Zelenika";"Diana";"Klub poslanika HDZ BiH - Hrvatski narodni sabor";"HDZ 1990";"FBiH / Izborna jedinica 2";"HoR";"FBiH";"HDZ 1990";"2014-2018"
