"";"MP_links";"name";"family_name";"first_name";"party2";"party";"entity";"house";"party.original";"period";"constituency"
"1";"https://www.parlament.ba/Delegate/List?page=1&mandateId=6";"Alma Colo";"Colo";"Alma";"Klub bosnjackog naroda";"SDA";"FBiH";"HoP";"SDA";"2006-2010";NA
"2";"https://www.parlament.ba/Delegate/List?page=1&mandateId=6";"Ilija Filipovic";"Filipovic";"Ilija";"Klub hrvatskog naroda";"HDZ";"FBiH";"HoP";"HDZ BiH";"2006-2010";NA
"3";"https://www.parlament.ba/Delegate/List?page=1&mandateId=6";"Adem Ibrahimpasic";"Ibrahimpasic";"Adem";"Klub bosnjackog naroda";"SDP";"FBiH";"HoP";"SDP BiH";"2006-2010";NA
"4";"https://www.parlament.ba/Delegate/List?page=1&mandateId=6";"Mladen Ivanic";"Ivanic";"Mladen";"Klub srpskog naroda";"PDP";"RS";"HoP";"PDP";"2006-2010";NA
"5";"https://www.parlament.ba/Delegate/List?page=1&mandateId=6";"Ivo Miro Jovic";"Jovic";"Ivo Miro";"Klub hrvatskog naroda";"HDZ";"FBiH";"HoP";"HDZ BiH";"2006-2010";NA
"6";"https://www.parlament.ba/Delegate/List?page=1&mandateId=6";"Zoran Koprivica";"Koprivica";"Zoran";"Klub srpskog naroda";"SNSD";"RS";"HoP";"SNSD";"2006-2010";NA
"7";"https://www.parlament.ba/Delegate/List?page=1&mandateId=6";"Drago Ljubicic";"Ljubicic";"Drago";"Klub srpskog naroda";"SNSD";"RS";"HoP";"SNSD";"2006-2010";NA
"8";"https://www.parlament.ba/Delegate/List?page=1&mandateId=6";"Bozo Ljubic";"Ljubic";"Bozo";"Klub hrvatskog naroda";"HDZ";"FBiH";"HoP";"HDZ 1990";"2006-2010";NA
"9";"https://www.parlament.ba/Delegate/List?page=1&mandateId=6";"Dusanka Majkic";"Majkic";"Dusanka";"Klub srpskog naroda";"SNSD";"RS";"HoP";"SNSD";"2006-2010";NA
"10";"https://www.parlament.ba/Delegate/List?page=1&mandateId=6";"Hilmo Neimarlija";"Neimarlija";"Hilmo";"Klub bosnjackog naroda";"SBiH";"FBiH";"HoP";"SBiH";"2006-2010";NA
"11";"https://www.parlament.ba/Delegate/List?page=1&mandateId=7";"Hasan Becirovic";"Becirovic";"Hasan";"Klub bosnjackog naroda";"SDP";"FBiH";"HoP";"SDP BiH";"2010-2014";NA
"12";"https://www.parlament.ba/Delegate/List?page=1&mandateId=7";"Mehmed Bradaric";"Bradaric";"Mehmed";"Klub bosnjackog naroda";"SDP";"FBiH";"HoP";"SDP BiH";"2010-2014";NA
"13";"https://www.parlament.ba/Delegate/List?page=1&mandateId=7";"Dragan Covic";"Covic";"Dragan";"Klub hrvatskog naroda";"HDZ";"FBiH";"HoP";"HDZ BiH";"2010-2014";NA
"14";"https://www.parlament.ba/Delegate/List?page=1&mandateId=7";"Halid Genjac";"Genjac";"Halid";"Klub bosnjackog naroda";"SDA";"FBiH";"HoP";"SDA";"2010-2014";NA
"15";"https://www.parlament.ba/Delegate/List?page=1&mandateId=7";"Seudin Hodzic";"Hodzic";"Seudin";"Klub bosnjackog naroda";"SDP";"FBiH";"HoP";"SDP BiH";"2010-2014";NA
"16";"https://www.parlament.ba/Delegate/List?page=1&mandateId=7";"Mladen Ivanic";"Ivanic";"Mladen";"Klub srpskog naroda";"PDP";"RS";"HoP";"PDP";"2010-2014";NA
"17";"https://www.parlament.ba/Delegate/List?page=1&mandateId=7";"Nermina Kapetanovic";"Kapetanovic";"Nermina";"Klub bosnjackog naroda";"SDA";"FBiH";"HoP";"SDA";"2010-2014";NA
"18";"https://www.parlament.ba/Delegate/List?page=1&mandateId=7";"Stasa Kosarac";"Kosarac";"Stasa";"Klub srpskog naroda";"SNSD";"RS";"HoP";"SNSD";"2010-2014";NA
"19";"https://www.parlament.ba/Delegate/List?page=1&mandateId=7";"Stjepan Kresic";"Kresic";"Stjepan";"Klub hrvatskog naroda";"HSP";"FBiH";"HoP";"HSP";"2010-2014";NA
"20";"https://www.parlament.ba/Delegate/List?page=1&mandateId=7";"Borjana Kristo";"Kristo";"Borjana";"Klub hrvatskog naroda";"HDZ";"FBiH";"HoP";"HDZ BiH";"2010-2014";NA
"21";"https://www.parlament.ba/Delegate/List?page=1&mandateId=8";"Darko Babalj";"Babalj";"Darko";"Klub srpskog naroda";"SDS";"RS";"HoP";"SDS";"2014-2018";NA
"22";"https://www.parlament.ba/Delegate/List?page=1&mandateId=8";"Barisa Colak";"Colak";"Barisa";"Klub hrvatskog naroda";"HDZ";"FBiH";"HoP";"HDZ BiH";"2014-2018";NA
"23";"https://www.parlament.ba/Delegate/List?page=1&mandateId=8";"Zdenka Dzambas";"Dzambas";"Zdenka";"Klub hrvatskog naroda";"HDZ";"FBiH";"HoP";"HDZ BiH";"2014-2018";NA
"24";"https://www.parlament.ba/Delegate/List?page=1&mandateId=8";"Halid Genjac";"Genjac";"Halid";"Klub bosnjackog naroda";"SDA";"FBiH";"HoP";"SDA";"2014-2018";NA
"25";"https://www.parlament.ba/Delegate/List?page=1&mandateId=8";"Sead Kadic";"Kadic";"Sead";"Klub bosnjackog naroda";"SDA";"FBiH";"HoP";"SDA";"2014-2018";NA
"26";"https://www.parlament.ba/Delegate/List?page=1&mandateId=8";"Mario Karamatic";"Karamatic";"Mario";"Klub hrvatskog naroda";"HSS";"FBiH";"HoP";"HSS";"2014-2018";NA
"27";"https://www.parlament.ba/Delegate/List?page=1&mandateId=8";"Sredoje Novic";"Novic";"Sredoje";"Klub srpskog naroda";"SNSD";"RS";"HoP";"SNSD";"2014-2018";NA
"28";"https://www.parlament.ba/Delegate/List?page=1&mandateId=8";"Sifet Podzic";"Podzic";"Sifet";"Klub bosnjackog naroda";"Demokratska";"FBiH";"HoP";"Demokratska fronta - Zeljko Komsic";"2014-2018";NA
"29";"https://www.parlament.ba/Delegate/List?page=1&mandateId=8";"Nebojsa Radmanovic";"Radmanovic";"Nebojsa";"Klub srpskog naroda";"SNSD";"RS";"HoP";"SNSD";"2014-2018";NA
"30";"https://www.parlament.ba/Delegate/List?page=1&mandateId=8";"Fahrudin Radoncic";"Radoncic";"Fahrudin";"Klub bosnjackog naroda";"SBB";"FBiH";"HoP";"SBB - Fahrudin Radoncic";"2014-2018";NA
"31";"https://www.parlament.ba/Delegate/List?page=2&mandateId=6";"Bozo Rajic";"Rajic";"Bozo";"Klub hrvatskog naroda";"HDZ";"FBiH";"HoP";"HDZ 1990";"2006-2010";NA
"32";"https://www.parlament.ba/Delegate/List?page=2&mandateId=6";"Hazim Rancic";"Rancic";"Hazim";"Klub bosnjackog naroda";"SDA";"FBiH";"HoP";"SDA";"2006-2010";NA
"33";"https://www.parlament.ba/Delegate/List?page=2&mandateId=6";"Slobodan Saraba";"Saraba";"Slobodan";"Klub srpskog naroda";"SDS";"RS";"HoP";"SDS";"2006-2010";NA
"34";"https://www.parlament.ba/Delegate/List?page=2&mandateId=6";"Sulejman Tihic";"Tihic";"Sulejman";"Klub bosnjackog naroda";"SDA";"FBiH";"HoP";"SDA";"2006-2010";NA
"35";"https://www.parlament.ba/Delegate/List?page=2&mandateId=6";"Branko Zrno";"Zrno";"Branko";"Klub hrvatskog naroda";"HDZ";"FBiH";"HoP";"HDZ BiH";"2006-2010";NA
"36";"https://www.parlament.ba/Delegate/List?page=2&mandateId=7";"Martin Raguz";"Raguz";"Martin";"Klub hrvatskog naroda";"HDZ";"FBiH";"HoP";"HDZ 1990";"2010-2014";NA
"37";"https://www.parlament.ba/Delegate/List?page=2&mandateId=7";"Dragutin Rodic";"Rodic";"Dragutin";"Klub srpskog naroda";"DNS";"RS";"HoP";"DNS";"2010-2014";NA
"38";"https://www.parlament.ba/Delegate/List?page=2&mandateId=7";"Krstan Simic";"Simic";"Krstan";"Klub srpskog naroda";"SNSD";"RS";"HoP";"SNSD";"2010-2014";NA
"39";"https://www.parlament.ba/Delegate/List?page=2&mandateId=7";"Ognjen Tadic";"Tadic";"Ognjen";"Klub srpskog naroda";"SDS";"RS";"HoP";"SDS";"2010-2014";NA
"40";"https://www.parlament.ba/Delegate/List?page=2&mandateId=7";"Sulejman Tihic";"Tihic";"Sulejman";"Klub bosnjackog naroda";"SDA";"FBiH";"HoP";"SDA";"2010-2014";NA
"41";"https://www.parlament.ba/Delegate/List?page=2&mandateId=7";"Krunoslav Vrdoljak";"Vrdoljak";"Krunoslav";"Klub hrvatskog naroda";"SDP";"FBiH";"HoP";"SDP BiH";"2010-2014";NA
"42";"https://www.parlament.ba/Delegate/List?page=2&mandateId=8";"Martin Raguz";"Raguz";"Martin";"Klub hrvatskog naroda";"HDZ";"FBiH";"HoP";"HDZ 1990";"2014-2018";NA
"43";"https://www.parlament.ba/Delegate/List?page=2&mandateId=8";"Dragutin Rodic";"Rodic";"Dragutin";"Klub srpskog naroda";"DNS";"RS";"HoP";"DNS";"2014-2018";NA
"44";"https://www.parlament.ba/Delegate/List?page=2&mandateId=8";"Safet Softic";"Softic";"Safet";"Klub bosnjackog naroda";"SDA";"FBiH";"HoP";"SDA";"2014-2018";NA
"45";"https://www.parlament.ba/Delegate/List?page=2&mandateId=8";"Ognjen Tadic";"Tadic";"Ognjen";"Klub srpskog naroda";"";"RS";"HoP";"";"2014-2018";NA
"46";"https://www.parlament.ba/Delegate/List?page=2&mandateId=8";"Ljilja Zovko";"Zovko";"Ljilja";"Klub hrvatskog naroda";"HDZ";"FBiH";"HoP";"HDZ BiH";"2014-2018";NA
"47";"https://www.parlament.ba/Representative/List?page=1&mandateId=6";"Ekrem Ajanovic";"Ajanovic";"Ekrem";"Klub poslanika SBiH";"SBiH";"FBiH";"HoR";"SBiH";"2006-2010";"FBiH / Izborna jedinica 4"
"48";"https://www.parlament.ba/Representative/List?page=1&mandateId=6";"Azra Alajbegovic";"Alajbegovic";"Azra";"Klub poslanika SBiH";"SBiH";"FBiH";"HoR";"SBiH";"2006-2010";"FBiH / Izborna jedinica 3"
"49";"https://www.parlament.ba/Representative/List?page=1&mandateId=6";"Sadik Bahtic";"Bahtic";"Sadik";"Klub poslanika SBiH";"SBiH";"FBiH";"HoR";"SBiH";"2006-2010";"FBiH / Izborna jedinica 1"
"50";"https://www.parlament.ba/Representative/List?page=1&mandateId=6";"Denis Becirovic";"Becirovic";"Denis";"Klub poslanika SDP BiH";"SDP BiH";"FBiH";"HoR";"SDP BiH";"2006-2010";"FBiH / Izborna jedinica 5"
"51";"https://www.parlament.ba/Representative/List?page=1&mandateId=6";"Beriz Belkic";"Belkic";"Beriz";"Klub poslanika SBiH";"SBiH";"FBiH";"HoR";"SBiH";"2006-2010";"FBiH / Izborna jedinica 3"
"52";"https://www.parlament.ba/Representative/List?page=1&mandateId=6";"Selim Beslagic";"Beslagic";"Selim";"Klub poslanika SDP BiH";"SDP BiH";"FBiH";"HoR";"SDP BiH";"2006-2010";"FBiH / Izborna jedinica 5"
"53";"https://www.parlament.ba/Representative/List?page=1&mandateId=6";"Branko Dokic";"Dokic";"Branko";"";"PDP";"RS";"HoR";"PDP";"2006-2010";"RS / Izborna jedinica 1"
"54";"https://www.parlament.ba/Representative/List?page=1&mandateId=6";"Rifat Dolic";"Dolic";"Rifat";"";"DNZ BiH";"FBiH";"HoR";"DNZ BiH";"2006-2010";"FBiH / Izborna jedinica 1"
"55";"https://www.parlament.ba/Representative/List?page=1&mandateId=6";"Sefik Dzaferovic";"Dzaferovic";"Sefik";"Klub poslanika SDA";"SDA";"FBiH";"HoR";"SDA";"2006-2010";"FBiH / Izborna jedinica 4"
"56";"https://www.parlament.ba/Representative/List?page=1&mandateId=6";"Halid Genjac";"Genjac";"Halid";"Klub poslanika SDA";"SDA";"FBiH";"HoR";"SDA";"2006-2010";"FBiH / Izborna jedinica 4"
"57";"https://www.parlament.ba/Representative/List?page=1&mandateId=7";"Darko Babalj";"Babalj";"Darko";"Klub poslanika SDS";"SDS";"RS";"HoR";"SDS";"2010-2014";"RS / Izborna jedinica 3"
"58";"https://www.parlament.ba/Representative/List?page=1&mandateId=7";"Adnan Basic";"Basic";"Adnan";"Klub poslanika SBBBiH";"SBB";"FBiH";"HoR";"SBB - Fahrudin Radoncic";"2010-2014";"FBiH / Izborna jedinica 4"
"59";"https://www.parlament.ba/Representative/List?page=1&mandateId=7";"Denis Becirovic";"Becirovic";"Denis";"Klub poslanika SDP BiH";"SDP BiH";"FBiH";"HoR";"SDP BiH";"2010-2014";"FBiH / Izborna jedinica 5"
"60";"https://www.parlament.ba/Representative/List?page=1&mandateId=7";"Beriz Belkic";"Belkic";"Beriz";"";"SBiH";"FBiH";"HoR";"SBiH";"2010-2014";"FBiH / Izborna jedinica 3"
"61";"https://www.parlament.ba/Representative/List?page=1&mandateId=7";"Borislav Bojic";"Bojic";"Borislav";"Klub poslanika SDS";"SDS";"RS";"HoR";"SDS";"2010-2014";"RS / Izborna jedinica 1"
"62";"https://www.parlament.ba/Representative/List?page=1&mandateId=7";"Mladen Bosic";"Bosic";"Mladen";"Klub poslanika SDS";"SDS";"RS";"HoR";"SDS";"2010-2014";"RS / Izborna jedinica 2"
"63";"https://www.parlament.ba/Representative/List?page=1&mandateId=7";"Sasa Bursac";"Bursac";"Sasa";"Klub poslanika SNSD";"SNSD";"RS";"HoR";"SNSD";"2010-2014";"RS / Izborna jedinica 1"
"64";"https://www.parlament.ba/Representative/List?page=1&mandateId=7";"Nermina Cemalovic";"Cemalovic";"Nermina";"Klub poslanika SDP BiH";"SDP BiH";"FBiH";"HoR";"SDP BiH";"2010-2014";"FBiH / Izborna jedinica 1"
"65";"https://www.parlament.ba/Representative/List?page=1&mandateId=7";"Ismeta Dervoz";"Dervoz";"Ismeta";"Klub poslanika SBBBiH";"SBB";"FBiH";"HoR";"SBB - Fahrudin Radoncic";"2010-2014";"FBiH / Izborna jedinica 3"
"66";"https://www.parlament.ba/Representative/List?page=1&mandateId=7";"Anto Domazet";"Domazet";"Anto";"Klub poslanika SDP BiH";"SDP BiH";"FBiH";"HoR";"SDP BiH";"2010-2014";"FBiH / Izborna jedinica 3"
"67";"https://www.parlament.ba/Representative/List?page=1&mandateId=8";"Sadik Ahmetovic";"Ahmetovic";"Sadik";"Klub poslanika Nezavisni blok";"independent";"RS";"HoR";"Samostalni poslanik";"2014-2018";"RS / Izborna jedinica 3"
"68";"https://www.parlament.ba/Representative/List?page=1&mandateId=8";"Damir Arnaut";"Arnaut";"Damir";"Klub poslanika SBBBiH";"SBB";"FBiH";"HoR";"SBB - Fahrudin Radoncic";"2014-2018";"FBiH / Izborna jedinica 3"
"69";"https://www.parlament.ba/Representative/List?page=1&mandateId=8";"Zaim Backovic";"Backovic";"Zaim";"";"BPS";"FBiH";"HoR";"BPS - Sefer Halilovic";"2014-2018";"FBiH / Izborna jedinica 3"
"70";"https://www.parlament.ba/Representative/List?page=1&mandateId=8";"Damir Becirovic";"Becirovic";"Damir";"Klub poslanika DF";"DF";"FBiH";"HoR";"Demokratska fronta - Zeljko Komsic";"2014-2018";"FBiH / Izborna jedinica 5"
"71";"https://www.parlament.ba/Representative/List?page=1&mandateId=8";"Denis Becirovic";"Becirovic";"Denis";"Klub poslanika SDP BiH";"SDP BiH";"FBiH";"HoR";"SDP BiH";"2014-2018";"FBiH / Izborna jedinica 5"
"72";"https://www.parlament.ba/Representative/List?page=1&mandateId=8";"Mensura Beganovic";"Beganovic";"Mensura";"Klub poslanika DF";"DF";"FBiH";"HoR";"Demokratska fronta - Zeljko Komsic";"2014-2018";"FBiH / Izborna jedinica 4"
"73";"https://www.parlament.ba/Representative/List?page=1&mandateId=8";"Borislav Bojic";"Bojic";"Borislav";"Klub poslanika Demokratski narodni savez - DNS";"independent";"RS";"HoR";"Samostalni poslanik";"2014-2018";"RS / Izborna jedinica 1"
"74";"https://www.parlament.ba/Representative/List?page=1&mandateId=8";"Mladen Bosic";"Bosic";"Mladen";"Klub poslanika SDS";"SDS";"RS";"HoR";"SDS";"2014-2018";"RS / Izborna jedinica 2"
"75";"https://www.parlament.ba/Representative/List?page=1&mandateId=8";"Safer Demirovic";"Demirovic";"Safer";"";"independent";"FBiH";"HoR";"Samostalni poslanik";"2014-2018";"FBiH / Izborna jedinica 5"
"76";"https://www.parlament.ba/Representative/List?page=1&mandateId=8";"Sefik Dzaferovic";"Dzaferovic";"Sefik";"Klub poslanika SDA";"SDA";"FBiH";"HoR";"SDA";"2014-2018";"FBiH / Izborna jedinica 4"
"77";"https://www.parlament.ba/Representative/List?page=2&mandateId=6";"Azra Hadziahmetovic";"Hadziahmetovic";"Azra";"Klub poslanika SBiH";"SBiH";"FBiH";"HoR";"SBiH";"2006-2010";"FBiH / Izborna jedinica 3"
"78";"https://www.parlament.ba/Representative/List?page=2&mandateId=6";"Sefer Halilovic";"Halilovic";"Sefer";"";"BPS";"FBiH";"HoR";"BPS - Sefer Halilovic";"2006-2010";"FBiH / Izborna jedinica 3"
"79";"https://www.parlament.ba/Representative/List?page=2&mandateId=6";"Adem Huskic";"Huskic";"Adem";"Klub poslanika SBiH";"SBiH";"FBiH";"HoR";"SBiH";"2006-2010";"FBiH / Izborna jedinica 4"
"80";"https://www.parlament.ba/Representative/List?page=2&mandateId=6";"Jerko Ivankovic Lijanovic";"Ivankovic Lijanovic";"Jerko";"";"NS Radom za boljitak";"FBiH";"HoR";"NS Radom za boljitak";"2006-2010";"FBiH / Izborna jedinica 2"
"81";"https://www.parlament.ba/Representative/List?page=2&mandateId=6";"Bakir Izetbegovic";"Izetbegovic";"Bakir";"Klub poslanika SDA";"SDA";"FBiH";"HoR";"SDA";"2006-2010";"FBiH / Izborna jedinica 3"
"82";"https://www.parlament.ba/Representative/List?page=2&mandateId=6";"Sead Jamakosmanovic";"Jamakosmanovic";"Sead";"Klub poslanika SDA";"SDA";"FBiH";"HoR";"SDA";"2006-2010";"FBiH / Izborna jedinica 5"
"83";"https://www.parlament.ba/Representative/List?page=2&mandateId=6";"Bajazit Jasarevic";"Jasarevic";"Bajazit";"Klub poslanika SDA";"SDA";"FBiH";"HoR";"SDA";"2006-2010";"FBiH / Izborna jedinica 5"
"84";"https://www.parlament.ba/Representative/List?page=2&mandateId=6";"Slavko Jovicic";"Jovicic";"Slavko";"Klub poslanika SNSD";"SNSD";"RS";"HoR";"SNSD";"2006-2010";"RS / Izborna jedinica 3"
"85";"https://www.parlament.ba/Representative/List?page=2&mandateId=6";"Velimir Jukic";"Jukic";"Velimir";"Klub poslanika HDZ - Hrvatska koalicija - HNZ";"HDZ BiH - Hrvatska koalicija - HNZ";"FBiH";"HoR";"HDZ BiH - Hrvatska koalicija - HNZ";"2006-2010";"FBiH / Izborna jedinica 2"
"86";"https://www.parlament.ba/Representative/List?page=2&mandateId=6";"Remzija Kadric";"Kadric";"Remzija";"Klub poslanika SBiH";"SBiH";"RS";"HoR";"SBiH";"2006-2010";"RS / Izborna jedinica 3"
"87";"https://www.parlament.ba/Representative/List?page=2&mandateId=7";"Sefik Dzaferovic";"Dzaferovic";"Sefik";"Klub poslanika SDA";"SDA";"FBiH";"HoR";"SDA";"2010-2014";"FBiH / Izborna jedinica 4"
"88";"https://www.parlament.ba/Representative/List?page=2&mandateId=7";"Mirsad Dugum";"Dugum";"Mirsad";"Klub poslanika SBBBiH";"SBB";"FBiH";"HoR";"SBB - Fahrudin Radoncic";"2010-2014";"FBiH / Izborna jedinica 3"
"89";"https://www.parlament.ba/Representative/List?page=2&mandateId=7";"Amir Fazlic";"Fazlic";"Amir";"Klub poslanika SDA";"SDA";"FBiH";"HoR";"SDA";"2010-2014";"FBiH / Izborna jedinica 5"
"90";"https://www.parlament.ba/Representative/List?page=2&mandateId=7";"Mato Franjicevic";"Franjicevic";"Mato";"Klub poslanika HDZ BiH - Hrvatski narodni sabor";"HDZ BiH";"FBiH";"HoR";"HDZ BiH";"2010-2014";"FBiH / Izborna jedinica 1"
"91";"https://www.parlament.ba/Representative/List?page=2&mandateId=7";"Azra Hadziahmetovic";"Hadziahmetovic";"Azra";"";"SBiH";"FBiH";"HoR";"SBiH";"2010-2014";"FBiH / Izborna jedinica 3"
"92";"https://www.parlament.ba/Representative/List?page=2&mandateId=7";"Mladen Ivankovic-Lijanovic";"Ivankovic Lijanovic";"Mladen";"Klub poslanika SDP BiH";"NS Radom za boljitak";"FBiH";"HoR";"NS Radom za boljitak";"2010-2014";"FBiH / Izborna jedinica 2"
"93";"https://www.parlament.ba/Representative/List?page=2&mandateId=7";"Zijad Jagodic";"Jagodic";"Zijad";"Klub poslanika SDA";"SDA";"FBiH";"HoR";"SDA";"2010-2014";"FBiH / Izborna jedinica 5"
"94";"https://www.parlament.ba/Representative/List?page=2&mandateId=7";"Slavko Jovicic";"Jovicic";"Slavko";"Klub poslanika SNSD";"SNSD";"RS";"HoR";"SNSD";"2010-2014";"RS / Izborna jedinica 3"
"95";"https://www.parlament.ba/Representative/List?page=2&mandateId=7";"Zvonko Jurisic";"Jurisic";"Zvonko";"Mjesoviti klub poslanika narodnih stranaka";NA;"FBiH";"HoR";"HDZ 1990 – HSPBiH";"2010-2014";"FBiH / Izborna jedinica 2"
"96";"https://www.parlament.ba/Representative/List?page=2&mandateId=7";"Emir Kabil";"Kabil";"Emir";"Klub poslanika SBBBiH";"SBB";"FBiH";"HoR";"SBB - Fahrudin Radoncic";"2010-2014";"FBiH / Izborna jedinica 5"
"97";"https://www.parlament.ba/Representative/List?page=2&mandateId=8";"Mirsad Donlagic";"Donlagic";"Mirsad";"Klub poslanika SBBBiH";"SBB";"FBiH";"HoR";"SBB - Fahrudin Radoncic";"2014-2018";"FBiH / Izborna jedinica 5"
"98";"https://www.parlament.ba/Representative/List?page=2&mandateId=8";"Jasmin Emric";"Emric";"Jasmin";"";"A-SDA";"FBiH";"HoR";"A – SDA – Za evropsku Bosnu i Hercegovinu – Zajedno";"2014-2018";"FBiH / Izborna jedinica 1"
"99";"https://www.parlament.ba/Representative/List?page=2&mandateId=8";"Amir Fazlic";"Fazlic";"Amir";"Klub poslanika SDA";"SDA";"FBiH";"HoR";"SDA";"2014-2018";"FBiH / Izborna jedinica 5"
"100";"https://www.parlament.ba/Representative/List?page=2&mandateId=8";"Maja Gasal-Vrazalica";"Gasal-Vrazalica";"Maja";"Klub poslanika DF";"DF";"FBiH";"HoR";"Demokratska fronta - Zeljko Komsic";"2014-2018";"FBiH / Izborna jedinica 3"
"101";"https://www.parlament.ba/Representative/List?page=2&mandateId=8";"Mirsad Isakovic";"Isakovic";"Mirsad";"Klub poslanika SBBBiH";"SBB";"FBiH";"HoR";"SBB - Fahrudin Radoncic";"2014-2018";"FBiH / Izborna jedinica 4"
"102";"https://www.parlament.ba/Representative/List?page=2&mandateId=8";"Nermina Kapetanovic";"Kapetanovic";"Nermina";"Klub poslanika SDA";"SDA";"FBiH";"HoR";"SDA";"2014-2018";"FBiH / Izborna jedinica 4"
"103";"https://www.parlament.ba/Representative/List?page=2&mandateId=8";"Zeljko Komsic";"Komsic";"Zeljko";"Klub poslanika DF";"DF";"FBiH";"HoR";"Demokratska fronta - Zeljko Komsic";"2014-2018";"FBiH / Izborna jedinica 3"
"104";"https://www.parlament.ba/Representative/List?page=2&mandateId=8";"Stasa Kosarac";"Kosarac";"Stasa";"Klub poslanika SNSD";"SNSD";"RS";"HoR";"SNSD";"2014-2018";"RS / Izborna jedinica 3"
"105";"https://www.parlament.ba/Representative/List?page=2&mandateId=8";"Predrag Kozul";"Kozul";"Predrag";"Klub poslanika HDZ BiH - Hrvatski narodni sabor";"HDZ Coalition";"FBiH";"HoR";"Koalicija HDZ BiH, HSS, HKDU BiH, HSP DR. Ante Starcevic, HSP Herceg-Bosne";"2014-2018";"FBiH / Izborna jedinica 2"
"106";"https://www.parlament.ba/Representative/List?page=2&mandateId=8";"Dordo Krcmar";"Krcmar";"Dordo";"Klub poslanika Demokratski narodni savez - DNS";"DNS";"RS";"HoR";"DNS";"2014-2018";"RS / Izborna jedinica 1"
"107";"https://www.parlament.ba/Representative/List?page=3&mandateId=6";"Drago Kalabic";"Kalabic";"Drago";"Klub poslanika SNSD";"SNSD";"RS";"HoR";"SNSD";"2006-2010";"RS / Izborna jedinica 1"
"108";"https://www.parlament.ba/Representative/List?page=3&mandateId=6";"Lejla Klokic";"Klokic";"Lejla";"Klub poslanika SDA";"SDA";"RS";"HoR";"SDA";"2006-2010";"RS / Izborna jedinica 1"
"109";"https://www.parlament.ba/Representative/List?page=3&mandateId=6";"Zeljko Kuzmanovic";"Kuzmanovic";"Zeljko";"Klub poslanika SNSD";"SNSD";"RS";"HoR";"SNSD";"2006-2010";"RS / Izborna jedinica 2"
"110";"https://www.parlament.ba/Representative/List?page=3&mandateId=6";"Zlatko Lagumdzija";"Lagumdzija";"Zlatko";"Klub poslanika SDP BiH";"SDP BiH";"FBiH";"HoR";"SDP BiH";"2006-2010";"FBiH / Izborna jedinica 3"
"111";"https://www.parlament.ba/Representative/List?page=3&mandateId=6";"Niko Lozancic";"Lozancic";"Niko";"Klub poslanika HDZ - Hrvatska koalicija - HNZ";"HDZ BiH - Hrvatska koalicija - HNZ";"FBiH";"HoR";"HDZ BiH - Hrvatska koalicija - HNZ";"2006-2010";"FBiH / Izborna jedinica 4"
"112";"https://www.parlament.ba/Representative/List?page=3&mandateId=6";"Mirjana Malic";"Malic";"Mirjana";"Klub poslanika SDP BiH";"SDP BiH";"FBiH";"HoR";"SDP BiH";"2006-2010";"FBiH / Izborna jedinica 3"
"113";"https://www.parlament.ba/Representative/List?page=3&mandateId=6";"Milica Markovic";"Markovic";"Milica";"Klub poslanika SNSD";"SNSD";"RS";"HoR";"SNSD";"2006-2010";"RS / Izborna jedinica 2"
"114";"https://www.parlament.ba/Representative/List?page=3&mandateId=6";"Slavko Matic";"Matic";"Slavko";"Klub poslanika HDZ - Hrvatska koalicija - HNZ";"HDZ BiH - Hrvatska koalicija - HNZ";"FBiH";"HoR";"HDZ BiH - Hrvatska koalicija - HNZ";"2006-2010";"FBiH / Izborna jedinica 5"
"115";"https://www.parlament.ba/Representative/List?page=3&mandateId=6";"Semsudin Mehmedovic";"Mehmedovic";"Semsudin";"Klub poslanika SDA";"SDA";"FBiH";"HoR";"SDA";"2006-2010";"FBiH / Izborna jedinica 4"
"116";"https://www.parlament.ba/Representative/List?page=3&mandateId=6";"Ljiljana Milasin";"Milasin";"Ljiljana";"";"DNS";"RS";"HoR";"DNS";"2006-2010";"RS / Izborna jedinica 1"
"117";"https://www.parlament.ba/Representative/List?page=3&mandateId=7";"Drago Kalabic";"Kalabic";"Drago";"Klub poslanika SNSD";"SNSD";"RS";"HoR";"SNSD";"2010-2014";"RS / Izborna jedinica 1"
"118";"https://www.parlament.ba/Representative/List?page=3&mandateId=7";NA;NA;"Vesna";"Klub poslanika SDS";"PDP";"RS";"HoR";"PDP";"2010-2014";"RS / Izborna jedinica 3"
"119";"https://www.parlament.ba/Representative/List?page=3&mandateId=7";"Petar Kunic";"Kunic";"Petar";"Klub poslanika SNSD";"DNS";"RS";"HoR";"DNS";"2010-2014";"RS / Izborna jedinica 1"
"120";"https://www.parlament.ba/Representative/List?page=3&mandateId=7";"Mirza Kusljugic";"Kusljugic";"Mirza";"Klub poslanika SDP BiH";"SDP BiH";"FBiH";"HoR";"SDP BiH";"2010-2014";"FBiH / Izborna jedinica 5"
"121";"https://www.parlament.ba/Representative/List?page=3&mandateId=7";"Niko Lozancic";"Lozancic";"Niko";"Klub poslanika HDZ BiH - Hrvatski narodni sabor";"HDZ BiH";"FBiH";"HoR";"HDZ BiH";"2010-2014";"FBiH / Izborna jedinica 4"
"122";"https://www.parlament.ba/Representative/List?page=3&mandateId=7";"Bozo Ljubic";"Ljubic";"Bozo";"Mjesoviti klub poslanika narodnih stranaka";NA;"FBiH";"HoR";"HDZ 1990 – HSPBiH";"2010-2014";"FBiH / Izborna jedinica 2"
"123";"https://www.parlament.ba/Representative/List?page=3&mandateId=7";"Sasa Magazinovic";"Magazinovic";"Sasa";"Klub poslanika SDP BiH";"SDP BiH";"FBiH";"HoR";"SDP BiH";"2010-2014";"FBiH / Izborna jedinica 3"
"124";"https://www.parlament.ba/Representative/List?page=3&mandateId=7";"Dusanka Majkic";"Majkic";"Dusanka";"Klub poslanika SNSD";"SNSD";"RS";"HoR";"SNSD";"2010-2014";"RS / Izborna jedinica 1"
"125";"https://www.parlament.ba/Representative/List?page=3&mandateId=7";"Milica Markovic";"Markovic";"Milica";"Klub poslanika SNSD";"SNSD";"RS";"HoR";"SNSD";"2010-2014";"RS / Izborna jedinica 2"
"126";"https://www.parlament.ba/Representative/List?page=3&mandateId=7";"Danijela Martinovic";"Martinovic";"Danijela";"Klub poslanika SDP BiH";"SDP BiH";"FBiH";"HoR";"SDP BiH";"2010-2014";"FBiH / Izborna jedinica 3"
"127";"https://www.parlament.ba/Representative/List?page=3&mandateId=8";"Borjana Kristo";"Kristo";"Borjana";"Klub poslanika HDZ BiH - Hrvatski narodni sabor";"HDZ Coalition";"FBiH";"HoR";"Koalicija HDZ BiH, HSS, HKDU BiH, HSP DR. Ante Starcevic, HSP Herceg-Bosne";"2014-2018";"FBiH / Izborna jedinica 1"
"128";"https://www.parlament.ba/Representative/List?page=3&mandateId=8";"Nenad Lalic";"Lalic";"Nenad";"Klub poslanika SDS";"SDS";"RS";"HoR";"SDS";"2014-2018";"RS / Izborna jedinica 2"
"129";"https://www.parlament.ba/Representative/List?page=3&mandateId=8";"Nikola Lovrinovic";"Lovrinovic";"Nikola";"Klub poslanika HDZ BiH - Hrvatski narodni sabor";"HDZ Coalition";"FBiH";"HoR";"Koalicija HDZ BiH, HSS, HKDU BiH, HSP DR. Ante Starcevic, HSP Herceg-Bosne";"2014-2018";"FBiH / Izborna jedinica 4"
"130";"https://www.parlament.ba/Representative/List?page=3&mandateId=8";"Sasa Magazinovic";"Magazinovic";"Sasa";"Klub poslanika SDP BiH";"SDP BiH";"FBiH";"HoR";"SDP BiH";"2014-2018";"FBiH / Izborna jedinica 3"
"131";"https://www.parlament.ba/Representative/List?page=3&mandateId=8";"Dusanka Majkic";"Majkic";"Dusanka";"Klub poslanika SNSD";"SNSD";"RS";"HoR";"SNSD";"2014-2018";"RS / Izborna jedinica 1"
"132";"https://www.parlament.ba/Representative/List?page=3&mandateId=8";"Milica Markovic";"Markovic";"Milica";"Klub poslanika SNSD";"SNSD";"RS";"HoR";"SNSD";"2014-2018";"RS / Izborna jedinica 2"
"133";"https://www.parlament.ba/Representative/List?page=3&mandateId=8";"Semsudin Mehmedovic";"Mehmedovic";"Semsudin";"Klub poslanika SDA";"SDA";"FBiH";"HoR";"SDA";"2014-2018";"FBiH / Izborna jedinica 4"
"134";"https://www.parlament.ba/Representative/List?page=3&mandateId=8";"Mirsad Mesic";"Mesic";"Mirsad";"Klub poslanika SDP BiH";"SDP BiH";"FBiH";"HoR";"SDP BiH";"2014-2018";"FBiH / Izborna jedinica 4"
"135";"https://www.parlament.ba/Representative/List?page=3&mandateId=8";"Miroslav Milovanovic";"Milovanovic";"Miroslav";"Klub poslanika SNSD";"SNSD";"RS";"HoR";"SNSD";"2014-2018";"RS / Izborna jedinica 2"
"136";"https://www.parlament.ba/Representative/List?page=3&mandateId=8";"Momcilo Novakovic";"Novakovic";"Momcilo";"";"PDP-NDP";"RS";"HoR";"PDP-NDP";"2014-2018";"RS / Izborna jedinica 1"
"137";"https://www.parlament.ba/Representative/List?page=4&mandateId=6";"Ljiljana Milicevic";"Milicevic";"Ljiljana";"Klub poslanika SDS i samostalnog poslanika Momcila Novakovica";"SDS";"RS";"HoR";"SDS";"2006-2010";"RS / Izborna jedinica 3"
"138";"https://www.parlament.ba/Representative/List?page=4&mandateId=6";"Husein Nanic";"Nanic";"Husein";"Klub poslanika SDA";"SDA";"FBiH";"HoR";"SDA";"2006-2010";"FBiH / Izborna jedinica 1"
"139";"https://www.parlament.ba/Representative/List?page=4&mandateId=6";"Momcilo Novakovic";"Novakovic";"Momcilo";"Klub poslanika SDS i samostalnog poslanika Momcila Novakovica";"independent";"RS";"HoR";"Samostalni poslanik";"2006-2010";"RS / Izborna jedinica 1"
"140";"https://www.parlament.ba/Representative/List?page=4&mandateId=6";"Mirko Okolic";"Okolic";"Mirko";"Klub poslanika SDS i samostalnog poslanika Momcila Novakovica";"SDS";"RS";"HoR";"SDS";"2006-2010";"RS / Izborna jedinica 2"
"141";"https://www.parlament.ba/Representative/List?page=4&mandateId=6";"Lazar Prodanovic";"Prodanovic";"Lazar";"Klub poslanika SNSD";"SNSD";"RS";"HoR";"SNSD";"2006-2010";"RS / Izborna jedinica 3"
"142";"https://www.parlament.ba/Representative/List?page=4&mandateId=6";"Martin Raguz";"Raguz";"Martin";"Mjesoviti klub poslanika narodnih stranaka";"HDZ 1990";"FBiH";"HoR";"HDZ 1990";"2006-2010";"FBiH / Izborna jedinica 2"
"143";"https://www.parlament.ba/Representative/List?page=4&mandateId=6";"Salko Sokolovic";"Sokolovic";"Salko";"Klub poslanika SDA";"SDA";"FBiH";"HoR";"SDA";"2006-2010";"FBiH / Izborna jedinica 2"
"144";"https://www.parlament.ba/Representative/List?page=4&mandateId=6";"Mehmed Suljkanovic";"Suljkanovic";"Mehmed";"Klub poslanika SBiH";"SBiH";"FBiH";"HoR";"SBiH";"2006-2010";"FBiH / Izborna jedinica 5"
"145";"https://www.parlament.ba/Representative/List?page=4&mandateId=6";"Vesna Sain";"Sain";"Vesna";"Klub poslanika SNSD";"SNSD";"RS";"HoR";"SNSD";"2006-2010";"RS / Izborna jedinica 2"
"146";"https://www.parlament.ba/Representative/List?page=4&mandateId=6";"Jovan Todorovic";"Todorovic";"Jovan";"Klub poslanika SNSD";"SNSD";"RS";"HoR";"SNSD";"2006-2010";"RS / Izborna jedinica 2"
"147";"https://www.parlament.ba/Representative/List?page=4&mandateId=7";"Semsudin Mehmedovic";"Mehmedovic";"Semsudin";"Klub poslanika SDA";"SDA";"FBiH";"HoR";"SDA";"2010-2014";"FBiH / Izborna jedinica 4"
"148";"https://www.parlament.ba/Representative/List?page=4&mandateId=7";"Mirsad Mesic";"Mesic";"Mirsad";"Klub poslanika SDP BiH";"SDP BiH";"FBiH";"HoR";"SDP BiH";"2010-2014";"FBiH / Izborna jedinica 4"
"149";"https://www.parlament.ba/Representative/List?page=4&mandateId=7";"Aleksandra Pandurevic";"Pandurevic";"Aleksandra";"Klub poslanika SDS";"SDS";"RS";"HoR";"SDS";"2010-2014";"RS / Izborna jedinica 3"
"150";"https://www.parlament.ba/Representative/List?page=4&mandateId=7";"Lazar Prodanovic";"Prodanovic";"Lazar";"Klub poslanika SNSD";"SNSD";"RS";"HoR";"SNSD";"2010-2014";"RS / Izborna jedinica 3"
"151";"https://www.parlament.ba/Representative/List?page=4&mandateId=7";"Nermin Puric";"Puric";"Nermin";"Mjesoviti klub poslanika narodnih stranaka";"DNZ BiH";"FBiH";"HoR";"DNZ BiH";"2010-2014";"FBiH / Izborna jedinica 1"
"152";"https://www.parlament.ba/Representative/List?page=4&mandateId=7";"Asim Sarajlic";"Sarajlic";"Asim";"Klub poslanika SDA";"SDA";"FBiH";"HoR";"SDA";"2010-2014";"FBiH / Izborna jedinica 3"
"153";"https://www.parlament.ba/Representative/List?page=4&mandateId=7";"Salko Sokolovic";"Sokolovic";"Salko";"Klub poslanika SDA";"SDA";"FBiH";"HoR";"SDA";"2010-2014";"FBiH / Izborna jedinica 2"
"154";"https://www.parlament.ba/Representative/List?page=4&mandateId=7";"Senad Sepic";"Sepic";"Senad";"Klub poslanika SDA";"SDA";"FBiH";"HoR";"SDA";"2010-2014";"FBiH / Izborna jedinica 1"
"155";"https://www.parlament.ba/Representative/List?page=4&mandateId=7";"Bosko Tomic";"Tomic";"Bosko";"Klub poslanika SNSD";"SNSD";"RS";"HoR";"SNSD";"2010-2014";"RS / Izborna jedinica 3"
"156";"https://www.parlament.ba/Representative/List?page=4&mandateId=7";"Dragan Vrankic";"Vrankic";"Dragan";"Klub poslanika HDZ BiH - Hrvatski narodni sabor";"HDZ BiH";"FBiH";"HoR";"HDZ BiH";"2010-2014";"FBiH / Izborna jedinica 2"
"157";"https://www.parlament.ba/Representative/List?page=4&mandateId=8";"Aleksandra Pandurevic";"Pandurevic";"Aleksandra";"Klub poslanika SDS";"SDS";"RS";"HoR";"SDS";"2014-2018";"RS / Izborna jedinica 3"
"158";"https://www.parlament.ba/Representative/List?page=4&mandateId=8";"Lazar Prodanovic";"Prodanovic";"Lazar";"Klub poslanika SNSD";"SNSD";"RS";"HoR";"SNSD";"2014-2018";"RS / Izborna jedinica 3"
"159";"https://www.parlament.ba/Representative/List?page=4&mandateId=8";"Hazim Rancic";"Rancic";"Hazim";"Klub poslanika SDA";"SDA";"FBiH";"HoR";"SDA";"2014-2018";"FBiH / Izborna jedinica 4"
"160";"https://www.parlament.ba/Representative/List?page=4&mandateId=8";"Asim Sarajlic";"Sarajlic";"Asim";"Klub poslanika SDA";"SDA";"FBiH";"HoR";"SDA";"2014-2018";"FBiH / Izborna jedinica 3"
"161";"https://www.parlament.ba/Representative/List?page=4&mandateId=8";"Salko Sokolovic";"Sokolovic";"Salko";"Klub poslanika Nezavisni blok";"independent";"FBiH";"HoR";"Samostalni poslanik";"2014-2018";"FBiH / Izborna jedinica 2"
"162";"https://www.parlament.ba/Representative/List?page=4&mandateId=8";"Senad Sepic";"Sepic";"Senad";"Klub poslanika Nezavisni blok";"independent";"FBiH";"HoR";"Samostalni poslanik";"2014-2018";"FBiH / Izborna jedinica 1"
"163";"https://www.parlament.ba/Representative/List?page=4&mandateId=8";"Fehim Skaljic";"Skaljic";"Fehim";"Klub poslanika SBBBiH";"SBB";"FBiH";"HoR";"SBB - Fahrudin Radoncic";"2014-2018";"FBiH / Izborna jedinica 3"
"164";"https://www.parlament.ba/Representative/List?page=4&mandateId=8";"Nikola Spiric";"Spiric";"Nikola";"Klub poslanika SNSD";"SNSD";"RS";"HoR";"SNSD";"2014-2018";"RS / Izborna jedinica 1"
"165";"https://www.parlament.ba/Representative/List?page=4&mandateId=8";"Monika Tomic";"Tomic";"Monika";"Klub poslanika HDZ BiH - Hrvatski narodni sabor";"HDZ Coalition";"FBiH";"HoR";"Koalicija HDZ BiH, HSS, HKDU BiH, HSP DR. Ante Starcevic, HSP Herceg-Bosne";"2014-2018";"FBiH / Izborna jedinica 2"
"166";"https://www.parlament.ba/Representative/List?page=4&mandateId=8";"Hanka Vajzovic";"Vajzovic";"Hanka";"Klub poslanika DF";"DF";"FBiH";"HoR";"Demokratska fronta - Zeljko Komsic";"2014-2018";"FBiH / Izborna jedinica 3"
"167";"https://www.parlament.ba/Representative/List?page=5&mandateId=6";"Nermina Zaimovic-Uzunovic";"Zaimovic - Uzunovic";"Nermina";"Klub poslanika SDP BiH";"SDP BiH";"FBiH";"HoR";"SDP BiH";"2006-2010";"FBiH / Izborna jedinica 4"
"168";"https://www.parlament.ba/Representative/List?page=5&mandateId=6";"Vinko Zoric";"Zoric";"Vinko";"Mjesoviti klub poslanika narodnih stranaka";"HDZ 1990";"FBiH";"HoR";"HDZ 1990";"2006-2010";"FBiH / Izborna jedinica 2"
"169";"https://www.parlament.ba/Representative/List?page=5&mandateId=6";"Milorad Zivkovic";"Zivkovic";"Milorad";"Klub poslanika SNSD";"SNSD";"RS";"HoR";"SNSD";"2006-2010";"RS / Izborna jedinica 2"
"170";"https://www.parlament.ba/Representative/List?page=5&mandateId=7";"Nermina Zaimovic-Uzunovic";"Zaimovic - Uzunovic";"Nermina";"Klub poslanika SDP BiH";"SDP BiH";"FBiH";"HoR";"SDP BiH";"2010-2014";"FBiH / Izborna jedinica 4"
"171";"https://www.parlament.ba/Representative/List?page=5&mandateId=7";"Milorad Zivkovic";"Zivkovic";"Milorad";"Klub poslanika SNSD";"SNSD";"RS";"HoR";"SNSD";"2010-2014";"RS / Izborna jedinica 2"
"172";"https://www.parlament.ba/Representative/List?page=5&mandateId=8";"Jovan Vukovljak";"Vukovljak";"Jovan";"Klub poslanika Demokratski narodni savez - DNS";"DNS";"RS";"HoR";"DNS";"2014-2018";"RS / Izborna jedinica 2"
"173";"https://www.parlament.ba/Representative/List?page=5&mandateId=8";"Diana Zelenika";"Zelenika";"Diana";"Klub poslanika HDZ BiH - Hrvatski narodni sabor";"HDZ 1990";"FBiH";"HoR";"HDZ 1990";"2014-2018";"FBiH / Izborna jedinica 2"
